{
    "match_summary": {
        "ball": {
            "average_speed": 627.3323024629406,
            "average_angle": -0.1031901259004585
        },
        "from_json2": {
            "total_frames_processed": 214,
            "player_with_most_actions": "1",
            "most_common_action": "Volley"
        }
    },

    "players": {
        "p1": {
            "distance_covered": 16341.308819090176,
            "average_speed": 2301.5927914212302,
            "zone_coverage": {
                "back": 58.87850467289719,
                "mid": 22.897196261682243,
                "net": 18.22429906542056
            },
            "serve_accuracy": 0.7272727272727273,
            "hit_distribution": {
                "Volley": 0.9485981308411215,
                "Serve": 0.0514018691588785
            },
            "unforced_errors": 0,
            "total_shots": 214,
            "action_counts": {
                "Volley": 203,
                "Serve": 11
            },
            "total_actions": 214,
            "detailed_stats": {
                "total_frames": 214,
                "active_frames": 46
            }
        },

        "p2": {
            "distance_covered": 6093.044855482349,
            "average_speed": 858.1753317580366,
            "zone_coverage": {
                "back": 0.46728971962616817,
                "mid": 0.46728971962616817,
                "net": 99.06542056074767
            },
            "serve_accuracy": 1.0,
            "hit_distribution": {
                "Volley": 0.9626168224299065,
                "Forehand": 0.028037383177570093,
                "Serve": 0.009345794392523364
            },
            "unforced_errors": 0,
            "total_shots": 214,
            "action_counts": {
                "Volley": 206,
                "Forehand": 6,
                "Serve": 2
            },
            "total_actions": 214,
            "detailed_stats": {
                "total_frames": 214,
                "active_frames": 64
            }
        }
    }
}